id,timestamp,level,module,message
1,2024-08-22 00:57:26,INFO,API,Invalid token received
2,2024-11-18 09:07:16,ERROR,CACHE,New user registered
3,2024-03-05 11:01:37,WARNING,DB,Payment processed successfully
4,2024-01-26 20:27:31,INFO,SCHEDULER,New user registered
5,2024-09-13 13:09:24,INFO,AUTH,Cache miss on key user_session
6,2024-09-09 07:44:44,INFO,CACHE,API rate limit exceeded
7,2024-01-23 08:27:37,INFO,API,Service restarted
8,2024-02-06 14:46:57,ERROR,DB,Scheduled job started
9,2024-05-18 06:42:27,WARNING,DB,Slow query detected 3200ms
10,2024-08-16 16:15:13,ERROR,API,Database connection failed
11,2024-02-27 10:19:01,INFO,PAYMENT,Scheduled job started
12,2024-01-18 19:48:31,WARNING,CACHE,Disk usage above 80 percent
13,2024-05-13 06:42:09,ERROR,SCHEDULER,Background task completed
14,2024-08-17 15:11:59,WARNING,CACHE,API rate limit exceeded
15,2024-03-18 02:51:08,INFO,AUTH,API rate limit exceeded
16,2024-03-02 09:23:20,ERROR,DB,Payment processed successfully
17,2024-06-13 07:56:13,INFO,CACHE,Query executed in 120ms
18,2024-10-02 16:43:04,ERROR,PAYMENT,Payment processed successfully
19,2024-03-17 21:42:17,INFO,DB,Slow query detected 3200ms
20,2024-02-15 18:13:01,INFO,AUTH,Background task completed
21,2024-12-02 15:58:53,INFO,SCHEDULER,Request timeout after 5000ms
22,2024-02-12 12:04:46,ERROR,PAYMENT,Payment processed successfully
23,2024-10-18 07:39:11,ERROR,AUTH,Slow query detected 3200ms
24,2024-01-26 12:44:30,INFO,CACHE,New user registered
25,2024-06-16 18:57:56,WARNING,AUTH,User logout
26,2024-09-16 23:03:52,INFO,DB,Slow query detected 3200ms
27,2024-02-27 15:18:08,INFO,AUTH,Query executed in 120ms
28,2024-01-14 15:40:37,WARNING,API,Request timeout after 5000ms
29,2024-04-13 14:47:23,ERROR,DB,Disk usage above 80 percent
30,2024-08-04 04:46:48,INFO,SCHEDULER,Disk usage above 80 percent
31,2024-08-08 23:33:53,INFO,PAYMENT,Scheduled job started
32,2024-08-23 14:02:52,INFO,DB,Payment processed successfully
33,2024-07-28 06:17:34,INFO,AUTH,Health check passed
34,2024-02-01 19:38:08,WARNING,AUTH,Background task completed
35,2024-12-08 00:14:32,WARNING,SCHEDULER,Cache miss on key user_session
36,2024-03-20 11:54:22,ERROR,API,Health check passed
37,2024-04-16 17:41:29,INFO,AUTH,Service restarted
38,2024-03-28 08:49:36,WARNING,CACHE,Memory usage spike detected
39,2024-11-24 19:03:56,ERROR,API,Password reset requested
40,2024-12-24 02:18:49,WARNING,API,Service restarted
41,2024-07-03 07:01:50,INFO,SCHEDULER,Scheduled job started
42,2024-10-13 06:52:40,WARNING,SCHEDULER,Payment processed successfully
43,2024-06-01 22:59:44,ERROR,SCHEDULER,Scheduled job started
44,2024-12-05 00:23:49,INFO,CACHE,Health check passed
45,2024-05-15 00:07:20,INFO,CACHE,Background task completed
46,2024-10-24 08:55:07,INFO,SCHEDULER,Password reset requested
47,2024-08-26 10:45:32,WARNING,AUTH,Query executed in 120ms
48,2024-08-03 13:17:31,INFO,AUTH,Scheduled job started
49,2024-12-05 13:50:36,INFO,AUTH,User login successful
50,2024-03-07 09:19:53,INFO,SCHEDULER,SSL certificate expiring soon
51,2024-03-02 05:11:06,INFO,PAYMENT,Slow query detected 3200ms
52,2024-01-03 19:44:23,WARNING,PAYMENT,Retry attempt 3 of 5
53,2024-01-05 23:19:38,INFO,AUTH,Disk usage above 80 percent
54,2024-03-08 09:24:14,INFO,SCHEDULER,Disk usage above 80 percent
55,2024-10-16 12:21:12,INFO,SCHEDULER,Disk usage above 80 percent
56,2024-01-19 03:26:26,ERROR,DB,Background task completed
57,2024-05-02 15:51:55,INFO,API,Retry attempt 3 of 5
58,2024-12-17 05:35:41,WARNING,API,New user registered
59,2024-03-14 03:28:44,WARNING,DB,Payment processed successfully
60,2024-05-24 12:15:06,INFO,AUTH,Retry attempt 3 of 5
61,2024-12-09 08:00:58,INFO,CACHE,Request timeout after 5000ms
62,2024-03-11 10:56:27,WARNING,PAYMENT,Slow query detected 3200ms
63,2024-05-26 18:13:22,INFO,API,Background task completed
64,2024-08-23 10:29:56,INFO,DB,API rate limit exceeded
65,2024-08-16 15:34:50,INFO,SCHEDULER,Background task completed
66,2024-11-05 17:57:04,INFO,SCHEDULER,Request timeout after 5000ms
67,2024-11-15 10:29:27,WARNING,AUTH,Query executed in 120ms
68,2024-12-09 08:14:38,WARNING,AUTH,Cache miss on key user_session
69,2024-09-23 14:06:05,ERROR,PAYMENT,API rate limit exceeded
70,2024-11-22 18:50:20,INFO,PAYMENT,Query executed in 120ms
71,2024-08-26 18:53:14,ERROR,CACHE,SSL certificate expiring soon
72,2024-12-26 23:24:28,ERROR,DB,Payment processed successfully
73,2024-06-08 07:45:59,INFO,API,Payment processed successfully
74,2024-09-10 01:40:25,ERROR,AUTH,Slow query detected 3200ms
75,2024-03-11 11:01:02,ERROR,AUTH,Database connection failed
76,2024-08-14 17:43:14,INFO,DB,Service restarted
77,2024-10-04 11:33:05,INFO,AUTH,Request timeout after 5000ms
78,2024-07-14 00:34:08,INFO,AUTH,Cache miss on key user_session
79,2024-06-18 06:01:57,INFO,AUTH,API rate limit exceeded
80,2024-04-05 11:57:34,INFO,CACHE,Disk usage above 80 percent
81,2024-10-23 23:11:39,INFO,DB,Background task completed
82,2024-03-21 12:36:26,INFO,DB,User login successful
83,2024-05-03 11:35:03,INFO,SCHEDULER,Disk usage above 80 percent
84,2024-12-21 12:48:11,INFO,CACHE,Payment processed successfully
85,2024-05-08 08:41:32,ERROR,API,Background task completed
86,2024-09-16 16:50:34,WARNING,API,Query executed in 120ms
87,2024-04-28 13:50:17,WARNING,DB,Memory usage spike detected
88,2024-12-21 15:04:37,INFO,PAYMENT,Retry attempt 3 of 5
89,2024-02-26 18:35:27,INFO,CACHE,API rate limit exceeded
90,2024-09-20 04:34:40,INFO,DB,Health check passed
91,2024-08-20 09:34:05,ERROR,SCHEDULER,Query executed in 120ms
92,2024-06-01 01:14:20,INFO,SCHEDULER,Disk usage above 80 percent
93,2024-03-05 11:12:31,INFO,SCHEDULER,New user registered
94,2024-03-01 22:10:43,WARNING,API,Database connection failed
95,2024-03-19 14:05:09,ERROR,API,Health check passed
96,2024-08-02 13:55:23,WARNING,AUTH,Payment processed successfully
97,2024-05-02 00:05:29,INFO,DB,Password reset requested
98,2024-11-04 14:37:31,INFO,CACHE,API rate limit exceeded
99,2024-12-03 04:41:47,INFO,AUTH,Retry attempt 3 of 5
100,2024-10-25 16:02:40,INFO,AUTH,Retry attempt 3 of 5
101,2024-07-27 10:35:14,WARNING,DB,Disk usage above 80 percent
102,2024-07-06 13:39:47,ERROR,PAYMENT,Invalid token received
103,2024-05-20 22:38:07,WARNING,SCHEDULER,New user registered
104,2024-04-28 21:22:54,INFO,AUTH,Slow query detected 3200ms
105,2024-06-27 18:26:07,INFO,PAYMENT,Database connection failed
106,2024-10-20 05:53:49,WARNING,API,Database connection failed
107,2024-12-13 06:32:18,WARNING,CACHE,SSL certificate expiring soon
108,2024-03-28 18:55:08,INFO,SCHEDULER,User login successful
109,2024-06-15 12:37:17,WARNING,PAYMENT,Memory usage spike detected
110,2024-08-28 18:37:02,WARNING,DB,Disk usage above 80 percent
111,2024-02-02 20:51:58,INFO,AUTH,Health check passed
112,2024-01-26 12:23:58,WARNING,SCHEDULER,Service restarted
113,2024-05-14 07:37:19,ERROR,PAYMENT,Payment processed successfully
114,2024-10-16 10:23:45,INFO,DB,Invalid token received
115,2024-10-19 18:41:01,INFO,DB,User login successful
116,2024-05-18 20:30:06,ERROR,CACHE,API rate limit exceeded
117,2024-04-04 20:22:56,WARNING,SCHEDULER,Database connection failed
118,2024-12-05 09:46:13,INFO,DB,User logout
119,2024-06-21 00:25:32,WARNING,DB,Memory usage spike detected
120,2024-08-11 09:10:06,INFO,DB,User logout
121,2024-11-28 17:49:31,WARNING,DB,Database connection failed
122,2024-05-02 07:02:45,INFO,PAYMENT,Invalid token received
123,2024-01-14 11:13:37,INFO,PAYMENT,Retry attempt 3 of 5
124,2024-08-22 15:35:53,INFO,API,User login successful
125,2024-02-26 22:58:36,WARNING,SCHEDULER,Disk usage above 80 percent
126,2024-09-02 18:22:11,WARNING,API,Disk usage above 80 percent
127,2024-09-18 15:23:50,INFO,API,Payment processed successfully
128,2024-05-06 15:24:46,INFO,SCHEDULER,Disk usage above 80 percent
129,2024-10-06 18:41:21,WARNING,CACHE,Cache miss on key user_session
130,2024-07-15 22:45:02,INFO,DB,Memory usage spike detected
131,2024-09-11 13:34:38,INFO,CACHE,API rate limit exceeded
132,2024-12-26 17:35:26,WARNING,CACHE,SSL certificate expiring soon
133,2024-09-02 19:20:34,WARNING,CACHE,Disk usage above 80 percent
134,2024-08-06 05:18:00,INFO,SCHEDULER,Password reset requested
135,2024-02-24 07:45:42,INFO,API,SSL certificate expiring soon
136,2024-07-03 15:22:02,INFO,PAYMENT,Database connection failed
137,2024-01-14 17:37:27,WARNING,AUTH,Request timeout after 5000ms
138,2024-07-12 03:53:59,ERROR,SCHEDULER,Invalid token received
139,2024-05-27 19:49:52,INFO,CACHE,Background task completed
140,2024-01-27 05:54:59,INFO,API,Disk usage above 80 percent
141,2024-11-16 07:10:02,WARNING,PAYMENT,Scheduled job started
142,2024-01-14 14:56:07,WARNING,PAYMENT,Cache miss on key user_session
143,2024-06-04 23:58:20,INFO,PAYMENT,Slow query detected 3200ms
144,2024-01-19 19:49:48,WARNING,API,Request timeout after 5000ms
145,2024-06-01 04:41:31,INFO,SCHEDULER,API rate limit exceeded
146,2024-10-22 00:08:22,INFO,PAYMENT,User logout
147,2024-10-04 20:20:54,WARNING,API,User logout
148,2024-03-08 16:11:53,ERROR,DB,Disk usage above 80 percent
149,2024-12-18 00:57:34,INFO,SCHEDULER,API rate limit exceeded
150,2024-12-26 05:02:35,INFO,DB,Background task completed
151,2024-07-11 00:44:57,ERROR,AUTH,API rate limit exceeded
152,2024-07-14 04:51:12,WARNING,DB,User logout
153,2024-07-26 23:44:11,INFO,SCHEDULER,Database connection failed
154,2024-04-01 14:33:31,WARNING,AUTH,Memory usage spike detected
155,2024-01-25 07:07:39,INFO,SCHEDULER,Password reset requested
156,2024-08-17 20:30:26,WARNING,PAYMENT,User logout
157,2024-01-24 03:14:54,ERROR,CACHE,Database connection failed
158,2024-05-15 09:21:41,INFO,API,User logout
159,2024-12-05 01:52:08,WARNING,API,Cache miss on key user_session
160,2024-06-16 04:01:34,ERROR,API,New user registered
161,2024-06-24 02:28:45,INFO,DB,Slow query detected 3200ms
162,2024-07-11 15:38:37,INFO,AUTH,Service restarted
163,2024-08-17 14:05:12,WARNING,API,Disk usage above 80 percent
164,2024-08-27 01:14:27,INFO,API,Service restarted
165,2024-09-26 12:18:53,INFO,CACHE,User logout
166,2024-06-10 10:02:16,INFO,AUTH,Memory usage spike detected
167,2024-05-01 15:38:16,ERROR,CACHE,Disk usage above 80 percent
168,2024-03-12 23:52:14,WARNING,AUTH,API rate limit exceeded
169,2024-02-11 18:05:07,WARNING,DB,Cache miss on key user_session
170,2024-12-17 13:13:32,INFO,DB,Background task completed
171,2024-03-18 01:10:50,INFO,SCHEDULER,New user registered
172,2024-09-24 20:40:22,INFO,SCHEDULER,Database connection failed
173,2024-10-18 03:41:32,INFO,PAYMENT,New user registered
174,2024-07-19 03:16:37,INFO,AUTH,Background task completed
175,2024-08-19 18:06:00,WARNING,PAYMENT,Slow query detected 3200ms
176,2024-09-03 21:55:17,INFO,SCHEDULER,New user registered
177,2024-06-17 18:27:18,ERROR,DB,Memory usage spike detected
178,2024-05-20 11:06:06,ERROR,PAYMENT,Slow query detected 3200ms
179,2024-09-23 04:41:09,WARNING,PAYMENT,New user registered
180,2024-07-09 06:52:22,ERROR,AUTH,Invalid token received
181,2024-10-04 01:52:01,INFO,AUTH,Query executed in 120ms
182,2024-05-27 13:20:50,INFO,CACHE,Service restarted
183,2024-03-07 12:08:27,WARNING,SCHEDULER,Request timeout after 5000ms
184,2024-01-15 16:27:13,INFO,API,Cache miss on key user_session
185,2024-06-26 22:53:29,WARNING,DB,Disk usage above 80 percent
186,2024-05-11 22:42:18,INFO,PAYMENT,Retry attempt 3 of 5
187,2024-10-06 17:41:15,WARNING,DB,SSL certificate expiring soon
188,2024-06-21 09:30:00,INFO,AUTH,Request timeout after 5000ms
189,2024-08-11 16:18:04,WARNING,CACHE,Background task completed
190,2024-03-11 06:59:31,INFO,CACHE,Request timeout after 5000ms
191,2024-12-03 13:09:46,WARNING,PAYMENT,Retry attempt 3 of 5
192,2024-09-15 00:51:58,INFO,API,New user registered
193,2024-11-13 01:56:29,ERROR,DB,Query executed in 120ms
194,2024-10-04 11:38:23,INFO,AUTH,Disk usage above 80 percent
195,2024-05-16 00:33:56,WARNING,SCHEDULER,Invalid token received
196,2024-03-12 07:10:23,ERROR,CACHE,Background task completed
197,2024-08-01 12:08:36,INFO,API,Service restarted
198,2024-10-05 19:08:38,WARNING,DB,Health check passed
199,2024-11-20 18:08:44,ERROR,API,API rate limit exceeded
200,2024-03-25 18:14:18,INFO,AUTH,Invalid token received
201,2024-04-15 02:25:26,INFO,DB,Scheduled job started
202,2024-03-14 22:41:11,INFO,PAYMENT,Disk usage above 80 percent
203,2024-05-23 21:58:13,WARNING,SCHEDULER,Health check passed
204,2024-06-06 06:51:27,INFO,CACHE,SSL certificate expiring soon
205,2024-04-12 07:50:54,WARNING,CACHE,Scheduled job started
206,2024-08-18 10:59:54,ERROR,CACHE,Cache miss on key user_session
207,2024-07-02 15:27:02,WARNING,PAYMENT,Health check passed
208,2024-09-08 13:06:43,ERROR,SCHEDULER,Request timeout after 5000ms
209,2024-12-04 06:13:51,WARNING,API,Payment processed successfully
210,2024-10-21 23:40:19,INFO,DB,Query executed in 120ms
211,2024-05-11 19:32:35,INFO,DB,Slow query detected 3200ms
212,2024-01-07 13:05:37,ERROR,API,User login successful
213,2024-09-05 17:59:48,INFO,DB,Cache miss on key user_session
214,2024-09-02 15:24:21,ERROR,CACHE,Memory usage spike detected
215,2024-07-24 10:48:49,INFO,AUTH,Payment processed successfully
216,2024-08-02 14:40:25,ERROR,API,Service restarted
217,2024-06-11 05:58:39,INFO,API,Cache miss on key user_session
218,2024-02-23 21:10:49,INFO,CACHE,Background task completed
219,2024-10-06 14:49:44,WARNING,AUTH,Disk usage above 80 percent
220,2024-03-24 19:57:43,INFO,AUTH,Service restarted
221,2024-11-05 15:43:33,INFO,PAYMENT,Health check passed
222,2024-03-11 23:06:56,INFO,API,Request timeout after 5000ms
223,2024-11-23 06:11:51,ERROR,AUTH,SSL certificate expiring soon
224,2024-04-05 03:30:48,WARNING,PAYMENT,New user registered
225,2024-03-07 13:16:40,INFO,DB,SSL certificate expiring soon
226,2024-07-20 11:28:44,WARNING,PAYMENT,Request timeout after 5000ms
227,2024-05-16 03:46:40,INFO,SCHEDULER,Slow query detected 3200ms
228,2024-08-21 21:03:09,INFO,SCHEDULER,Request timeout after 5000ms
229,2024-11-25 17:15:45,ERROR,API,Memory usage spike detected
230,2024-06-23 21:37:05,INFO,PAYMENT,User logout
231,2024-07-17 12:00:00,WARNING,SCHEDULER,Disk usage above 80 percent
232,2024-02-21 10:42:30,INFO,API,Retry attempt 3 of 5
233,2024-08-28 11:16:44,INFO,DB,Background task completed
234,2024-10-09 18:30:50,INFO,PAYMENT,SSL certificate expiring soon
235,2024-01-28 19:10:45,INFO,DB,Health check passed
236,2024-09-11 08:27:10,INFO,API,Background task completed
237,2024-02-14 00:23:41,INFO,PAYMENT,Scheduled job started
238,2024-04-17 01:53:47,WARNING,API,Disk usage above 80 percent
239,2024-06-13 04:12:44,WARNING,CACHE,API rate limit exceeded
240,2024-07-06 15:42:22,WARNING,DB,Password reset requested
241,2024-08-18 22:36:18,ERROR,API,SSL certificate expiring soon
242,2024-10-12 09:44:31,INFO,CACHE,API rate limit exceeded
243,2024-11-06 18:06:02,WARNING,DB,Retry attempt 3 of 5
244,2024-09-01 02:32:47,INFO,API,Memory usage spike detected
245,2024-02-11 15:48:45,WARNING,CACHE,Query executed in 120ms
246,2024-04-25 08:59:32,INFO,SCHEDULER,Password reset requested
247,2024-08-18 11:14:45,INFO,DB,Password reset requested
248,2024-04-12 12:17:06,INFO,SCHEDULER,Password reset requested
249,2024-11-11 18:24:11,INFO,DB,Memory usage spike detected
250,2024-08-22 14:44:43,INFO,CACHE,Service restarted
251,2024-07-04 02:29:48,INFO,PAYMENT,User login successful
252,2024-04-12 03:39:52,INFO,DB,Database connection failed
253,2024-08-23 03:19:35,INFO,SCHEDULER,Memory usage spike detected
254,2024-01-17 22:06:51,INFO,CACHE,Slow query detected 3200ms
255,2024-11-22 19:09:09,INFO,API,Disk usage above 80 percent
256,2024-11-01 09:12:20,INFO,SCHEDULER,Scheduled job started
257,2024-09-03 05:24:20,ERROR,SCHEDULER,Health check passed
258,2024-09-19 19:03:50,ERROR,CACHE,API rate limit exceeded
259,2024-05-10 04:35:53,INFO,DB,Cache miss on key user_session
260,2024-10-27 00:05:24,INFO,API,Memory usage spike detected
261,2024-06-05 20:14:16,INFO,DB,Scheduled job started
262,2024-11-15 11:24:18,WARNING,API,SSL certificate expiring soon
263,2024-12-28 22:11:57,INFO,PAYMENT,Retry attempt 3 of 5
264,2024-02-28 12:15:58,INFO,CACHE,Disk usage above 80 percent
265,2024-03-02 01:25:26,ERROR,SCHEDULER,Background task completed
266,2024-11-08 12:27:51,WARNING,SCHEDULER,Scheduled job started
267,2024-07-24 19:06:56,INFO,API,Memory usage spike detected
268,2024-04-14 17:52:39,ERROR,DB,Query executed in 120ms
269,2024-12-19 03:57:15,INFO,AUTH,Request timeout after 5000ms
270,2024-02-04 06:12:27,INFO,API,User login successful
271,2024-10-05 19:31:35,ERROR,CACHE,Retry attempt 3 of 5
272,2024-11-28 21:16:25,INFO,API,Memory usage spike detected
273,2024-08-27 06:40:09,INFO,AUTH,Scheduled job started
274,2024-05-27 20:54:50,INFO,API,Query executed in 120ms
275,2024-11-11 17:33:07,WARNING,CACHE,Background task completed
276,2024-04-05 01:04:42,INFO,API,Memory usage spike detected
277,2024-08-08 17:03:06,INFO,AUTH,SSL certificate expiring soon
278,2024-03-19 12:22:47,INFO,SCHEDULER,Cache miss on key user_session
279,2024-04-09 10:21:04,INFO,CACHE,Service restarted
280,2024-06-07 22:50:14,INFO,PAYMENT,Query executed in 120ms
281,2024-08-17 11:52:49,ERROR,AUTH,Retry attempt 3 of 5
282,2024-07-02 05:09:56,ERROR,SCHEDULER,Background task completed
283,2024-08-19 01:37:33,INFO,DB,Health check passed
284,2024-12-07 20:39:44,WARNING,PAYMENT,Request timeout after 5000ms
285,2024-04-28 05:54:25,INFO,SCHEDULER,Request timeout after 5000ms
286,2024-10-27 06:36:30,INFO,AUTH,Retry attempt 3 of 5
287,2024-07-25 08:57:29,INFO,API,Background task completed
288,2024-01-20 13:19:18,INFO,SCHEDULER,Invalid token received
289,2024-08-17 01:38:50,INFO,CACHE,New user registered
290,2024-05-11 21:24:42,ERROR,DB,Slow query detected 3200ms
291,2024-11-11 08:03:37,INFO,PAYMENT,User login successful
292,2024-10-19 09:25:30,WARNING,PAYMENT,Background task completed
293,2024-03-06 10:17:34,INFO,DB,Cache miss on key user_session
294,2024-06-27 10:43:43,INFO,API,Memory usage spike detected
295,2024-08-08 23:10:20,INFO,DB,Background task completed
296,2024-05-10 09:58:11,INFO,API,Password reset requested
297,2024-07-12 17:51:03,WARNING,PAYMENT,New user registered
298,2024-04-05 20:06:27,INFO,AUTH,Slow query detected 3200ms
299,2024-12-03 15:23:47,ERROR,API,Database connection failed
300,2024-09-03 14:43:28,INFO,SCHEDULER,Disk usage above 80 percent
301,2024-05-09 12:50:19,WARNING,CACHE,Request timeout after 5000ms
302,2024-07-21 03:00:15,INFO,SCHEDULER,Scheduled job started
303,2024-10-24 16:29:29,INFO,AUTH,Cache miss on key user_session
304,2024-04-23 13:05:35,INFO,CACHE,Password reset requested
305,2024-07-28 13:10:38,WARNING,DB,Disk usage above 80 percent
306,2024-08-23 17:17:38,INFO,PAYMENT,Slow query detected 3200ms
307,2024-02-06 08:32:37,ERROR,CACHE,Request timeout after 5000ms
308,2024-04-03 23:00:03,INFO,SCHEDULER,Request timeout after 5000ms
309,2024-09-05 01:17:07,INFO,API,Payment processed successfully
310,2024-05-25 23:33:46,INFO,DB,Invalid token received
311,2024-10-02 21:56:05,INFO,AUTH,New user registered
312,2024-10-25 05:36:23,WARNING,PAYMENT,Slow query detected 3200ms
313,2024-08-28 01:57:21,INFO,DB,Background task completed
314,2024-08-17 16:37:14,INFO,PAYMENT,Payment processed successfully
315,2024-08-05 18:23:31,INFO,PAYMENT,User logout
316,2024-05-08 20:05:03,ERROR,DB,Invalid token received
317,2024-10-22 03:14:26,INFO,SCHEDULER,Health check passed
318,2024-03-17 15:58:05,ERROR,CACHE,User logout
319,2024-01-26 21:29:03,INFO,CACHE,Scheduled job started
320,2024-06-16 22:14:25,INFO,AUTH,Query executed in 120ms
321,2024-04-14 22:26:53,WARNING,AUTH,Memory usage spike detected
322,2024-04-20 01:31:48,INFO,SCHEDULER,Scheduled job started
323,2024-08-21 20:21:38,ERROR,AUTH,User login successful
324,2024-05-28 20:13:01,INFO,DB,New user registered
325,2024-03-05 03:59:53,INFO,API,Background task completed
326,2024-12-03 06:01:44,INFO,AUTH,Password reset requested
327,2024-05-25 17:20:06,WARNING,SCHEDULER,New user registered
328,2024-11-14 17:08:14,ERROR,CACHE,User login successful
329,2024-02-07 12:23:30,INFO,API,Query executed in 120ms
330,2024-07-12 02:14:01,INFO,AUTH,Health check passed
331,2024-03-21 06:09:16,WARNING,AUTH,Service restarted
332,2024-11-09 22:28:08,INFO,DB,New user registered
333,2024-02-11 19:45:45,WARNING,CACHE,User logout
334,2024-03-01 09:57:14,WARNING,CACHE,Retry attempt 3 of 5
335,2024-06-17 08:25:46,INFO,API,API rate limit exceeded
336,2024-01-19 03:34:59,INFO,PAYMENT,New user registered
337,2024-04-03 02:12:26,ERROR,AUTH,User logout
338,2024-05-18 22:30:50,ERROR,API,Scheduled job started
339,2024-12-08 09:22:43,INFO,AUTH,New user registered
340,2024-03-11 17:56:19,WARNING,AUTH,Scheduled job started
341,2024-07-21 18:36:58,INFO,AUTH,API rate limit exceeded
342,2024-12-16 20:37:19,ERROR,DB,Disk usage above 80 percent
343,2024-10-26 06:53:59,INFO,API,SSL certificate expiring soon
344,2024-01-17 19:46:09,INFO,SCHEDULER,Retry attempt 3 of 5
345,2024-12-03 03:41:05,INFO,AUTH,Service restarted
346,2024-01-28 08:47:08,WARNING,API,Cache miss on key user_session
347,2024-01-08 07:09:27,WARNING,AUTH,Background task completed
348,2024-12-18 03:47:00,INFO,PAYMENT,Service restarted
349,2024-06-12 22:23:46,INFO,AUTH,Background task completed
350,2024-12-08 21:01:11,INFO,AUTH,Disk usage above 80 percent
351,2024-04-27 03:12:47,INFO,SCHEDULER,Invalid token received
352,2024-11-23 20:20:51,ERROR,PAYMENT,Invalid token received
353,2024-04-17 15:41:31,WARNING,SCHEDULER,Disk usage above 80 percent
354,2024-10-12 09:38:29,INFO,AUTH,Payment processed successfully
355,2024-01-17 22:03:56,INFO,AUTH,API rate limit exceeded
356,2024-07-17 05:23:17,WARNING,CACHE,Request timeout after 5000ms
357,2024-11-26 21:12:18,WARNING,AUTH,User login successful
358,2024-10-15 07:49:01,INFO,DB,Health check passed
359,2024-02-05 13:20:06,INFO,AUTH,Scheduled job started
360,2024-07-03 22:26:23,WARNING,API,Password reset requested
361,2024-03-07 10:32:38,WARNING,API,Invalid token received
362,2024-12-27 19:17:02,WARNING,AUTH,Invalid token received
363,2024-03-16 08:46:20,INFO,AUTH,User logout
364,2024-08-19 08:59:10,INFO,CACHE,Retry attempt 3 of 5
365,2024-11-22 00:35:49,WARNING,API,User login successful
366,2024-01-25 13:11:06,INFO,AUTH,Invalid token received
367,2024-04-27 02:57:51,ERROR,API,User logout
368,2024-10-04 07:41:05,ERROR,AUTH,Background task completed
369,2024-10-02 11:36:31,INFO,API,Cache miss on key user_session
370,2024-02-24 08:05:20,INFO,CACHE,Disk usage above 80 percent
371,2024-11-06 22:14:23,INFO,DB,Disk usage above 80 percent
372,2024-03-19 17:09:46,ERROR,DB,Database connection failed
373,2024-12-17 21:30:55,INFO,SCHEDULER,Invalid token received
374,2024-07-06 17:49:37,INFO,PAYMENT,Password reset requested
375,2024-02-12 05:21:20,INFO,AUTH,SSL certificate expiring soon
376,2024-12-18 07:31:51,INFO,DB,Query executed in 120ms
377,2024-06-18 12:03:57,INFO,CACHE,Cache miss on key user_session
378,2024-10-10 13:42:17,INFO,PAYMENT,Database connection failed
379,2024-03-05 07:11:26,WARNING,AUTH,SSL certificate expiring soon
380,2024-08-01 15:01:14,WARNING,CACHE,Scheduled job started
381,2024-11-14 15:24:47,INFO,PAYMENT,Slow query detected 3200ms
382,2024-05-19 03:15:51,WARNING,CACHE,Query executed in 120ms
383,2024-05-17 12:04:31,INFO,DB,Scheduled job started
384,2024-06-18 05:48:44,INFO,API,Request timeout after 5000ms
385,2024-12-01 02:46:28,INFO,DB,SSL certificate expiring soon
386,2024-02-07 19:30:00,WARNING,AUTH,Retry attempt 3 of 5
387,2024-07-26 18:59:49,INFO,API,Invalid token received
388,2024-11-26 20:30:43,INFO,API,Memory usage spike detected
389,2024-03-06 09:21:51,WARNING,PAYMENT,Background task completed
390,2024-04-13 09:55:08,INFO,CACHE,Database connection failed
391,2024-08-15 08:02:10,INFO,API,Cache miss on key user_session
392,2024-09-13 23:28:55,WARNING,API,New user registered
393,2024-01-27 00:40:16,INFO,PAYMENT,Scheduled job started
394,2024-04-05 14:02:10,INFO,API,Slow query detected 3200ms
395,2024-03-06 02:53:00,WARNING,SCHEDULER,User logout
396,2024-10-06 02:51:58,ERROR,AUTH,Service restarted
397,2024-08-04 20:15:58,INFO,AUTH,Database connection failed
398,2024-03-06 02:27:52,INFO,PAYMENT,User logout
399,2024-01-05 22:30:21,INFO,PAYMENT,Memory usage spike detected
400,2024-09-01 13:45:50,INFO,PAYMENT,Health check passed
401,2024-09-06 07:05:51,WARNING,AUTH,Query executed in 120ms
402,2024-04-22 08:53:20,WARNING,AUTH,Service restarted
403,2024-06-23 16:56:44,WARNING,DB,Service restarted
404,2024-08-10 05:22:06,ERROR,CACHE,Password reset requested
405,2024-11-21 06:58:20,INFO,CACHE,User logout
406,2024-03-09 01:07:48,INFO,API,Invalid token received
407,2024-07-19 06:42:33,INFO,SCHEDULER,SSL certificate expiring soon
408,2024-09-10 18:07:30,INFO,SCHEDULER,Health check passed
409,2024-09-07 06:10:41,WARNING,DB,Database connection failed
410,2024-07-14 05:18:21,ERROR,API,Slow query detected 3200ms
411,2024-07-19 11:02:17,INFO,PAYMENT,Memory usage spike detected
412,2024-06-03 03:06:39,WARNING,AUTH,User logout
413,2024-10-03 07:45:07,WARNING,CACHE,Payment processed successfully
414,2024-04-05 07:04:17,INFO,PAYMENT,New user registered
415,2024-04-24 00:49:06,ERROR,AUTH,Payment processed successfully
416,2024-04-27 12:35:30,INFO,CACHE,Invalid token received
417,2024-03-08 22:27:39,WARNING,CACHE,Database connection failed
418,2024-09-26 06:38:41,WARNING,SCHEDULER,Request timeout after 5000ms
419,2024-08-02 16:33:47,WARNING,PAYMENT,Password reset requested
420,2024-08-16 18:08:49,INFO,API,Password reset requested
421,2024-08-25 21:48:51,INFO,DB,Background task completed
422,2024-06-28 17:39:52,WARNING,SCHEDULER,API rate limit exceeded
423,2024-11-08 04:05:32,WARNING,API,Invalid token received
424,2024-06-13 22:12:30,INFO,API,Password reset requested
425,2024-06-08 02:20:49,ERROR,SCHEDULER,Service restarted
426,2024-06-10 01:44:46,WARNING,API,Query executed in 120ms
427,2024-05-02 07:53:31,INFO,CACHE,Service restarted
428,2024-05-19 19:20:54,WARNING,DB,Slow query detected 3200ms
429,2024-10-16 15:18:07,ERROR,CACHE,Slow query detected 3200ms
430,2024-11-23 09:41:09,WARNING,DB,User login successful
431,2024-11-26 07:58:06,INFO,DB,User login successful
432,2024-02-07 03:43:41,INFO,DB,User logout
433,2024-09-09 07:30:21,INFO,DB,Retry attempt 3 of 5
434,2024-09-19 15:30:24,INFO,API,Query executed in 120ms
435,2024-09-14 01:27:35,WARNING,API,User login successful
436,2024-06-11 10:41:22,WARNING,CACHE,Request timeout after 5000ms
437,2024-11-16 15:42:07,INFO,API,Query executed in 120ms
438,2024-01-03 17:02:02,WARNING,SCHEDULER,SSL certificate expiring soon
439,2024-12-13 06:45:02,WARNING,API,Password reset requested
440,2024-02-17 15:22:07,INFO,DB,Payment processed successfully
441,2024-09-06 22:16:52,INFO,SCHEDULER,Cache miss on key user_session
442,2024-12-21 04:00:23,ERROR,SCHEDULER,Payment processed successfully
443,2024-02-14 00:37:18,WARNING,AUTH,Disk usage above 80 percent
444,2024-08-11 10:01:42,INFO,PAYMENT,Password reset requested
445,2024-11-01 09:14:48,WARNING,DB,Disk usage above 80 percent
446,2024-04-11 08:55:12,INFO,CACHE,API rate limit exceeded
447,2024-12-11 09:46:44,WARNING,AUTH,API rate limit exceeded
448,2024-04-17 16:25:51,ERROR,CACHE,Payment processed successfully
449,2024-09-04 20:42:03,INFO,DB,User login successful
450,2024-09-20 15:12:16,INFO,SCHEDULER,User logout
451,2024-01-22 05:20:25,ERROR,AUTH,New user registered
452,2024-09-09 07:08:22,INFO,PAYMENT,Health check passed
453,2024-06-02 05:41:00,WARNING,PAYMENT,API rate limit exceeded
454,2024-04-01 03:51:41,WARNING,API,SSL certificate expiring soon
455,2024-08-06 14:03:17,ERROR,DB,Service restarted
456,2024-06-23 17:37:49,WARNING,API,Background task completed
457,2024-09-25 21:40:58,ERROR,API,Payment processed successfully
458,2024-12-19 03:56:53,INFO,AUTH,Scheduled job started
459,2024-03-18 19:00:46,WARNING,AUTH,Scheduled job started
460,2024-11-17 06:04:03,ERROR,AUTH,API rate limit exceeded
461,2024-03-25 19:42:16,INFO,SCHEDULER,Payment processed successfully
462,2024-12-18 06:22:45,INFO,DB,Retry attempt 3 of 5
463,2024-08-11 15:48:34,INFO,DB,Query executed in 120ms
464,2024-11-06 00:53:19,WARNING,API,Disk usage above 80 percent
465,2024-12-19 17:17:35,INFO,API,Invalid token received
466,2024-05-01 22:15:15,INFO,PAYMENT,Retry attempt 3 of 5
467,2024-03-01 12:33:02,ERROR,API,Invalid token received
468,2024-11-18 10:59:44,WARNING,API,Service restarted
469,2024-12-08 16:45:09,INFO,PAYMENT,Query executed in 120ms
470,2024-07-05 20:33:59,INFO,SCHEDULER,Payment processed successfully
471,2024-03-28 02:30:38,INFO,AUTH,Service restarted
472,2024-01-26 10:49:40,INFO,API,Password reset requested
473,2024-02-09 00:27:00,INFO,CACHE,Database connection failed
474,2024-10-16 23:09:14,INFO,AUTH,SSL certificate expiring soon
475,2024-09-11 12:09:21,INFO,AUTH,Scheduled job started
476,2024-12-27 03:51:47,INFO,SCHEDULER,Cache miss on key user_session
477,2024-02-17 18:19:17,WARNING,AUTH,Disk usage above 80 percent
478,2024-08-21 04:43:45,INFO,API,Disk usage above 80 percent
479,2024-11-12 11:56:07,INFO,SCHEDULER,Background task completed
480,2024-05-02 04:44:36,ERROR,API,Cache miss on key user_session
481,2024-11-28 09:18:53,INFO,API,Invalid token received
482,2024-06-09 14:31:17,ERROR,AUTH,Memory usage spike detected
483,2024-10-18 19:42:47,INFO,API,Disk usage above 80 percent
484,2024-11-04 07:09:05,INFO,AUTH,Cache miss on key user_session
485,2024-09-11 10:19:34,ERROR,SCHEDULER,Payment processed successfully
486,2024-04-13 04:03:39,INFO,CACHE,Scheduled job started
487,2024-05-13 14:41:28,INFO,API,Service restarted
488,2024-11-08 10:16:55,INFO,AUTH,User logout
489,2024-12-18 05:31:42,ERROR,AUTH,Password reset requested
490,2024-02-26 06:16:28,INFO,DB,Payment processed successfully
491,2024-01-14 10:44:02,WARNING,DB,Password reset requested
492,2024-09-01 04:17:27,INFO,DB,SSL certificate expiring soon
493,2024-03-27 10:27:25,INFO,SCHEDULER,Health check passed
494,2024-07-28 22:27:33,ERROR,SCHEDULER,API rate limit exceeded
495,2024-06-26 17:08:49,INFO,DB,API rate limit exceeded
496,2024-02-01 10:35:07,ERROR,CACHE,Invalid token received
497,2024-03-13 01:12:52,WARNING,API,Slow query detected 3200ms
498,2024-03-14 13:45:34,INFO,CACHE,Cache miss on key user_session
499,2024-06-01 17:44:44,INFO,DB,Memory usage spike detected
500,2024-06-20 06:42:05,INFO,PAYMENT,Service restarted
501,2024-02-14 15:42:35,INFO,SCHEDULER,User logout
502,2024-09-28 16:08:40,INFO,AUTH,Invalid token received
503,2024-12-07 12:43:02,INFO,PAYMENT,Memory usage spike detected
504,2024-09-06 07:16:44,ERROR,CACHE,API rate limit exceeded
505,2024-08-21 14:40:33,ERROR,DB,Disk usage above 80 percent
506,2024-08-08 05:34:03,INFO,DB,New user registered
507,2024-07-22 08:31:01,WARNING,DB,Health check passed
508,2024-11-09 17:17:02,INFO,CACHE,Retry attempt 3 of 5
509,2024-09-17 19:48:59,INFO,AUTH,Retry attempt 3 of 5
510,2024-02-22 20:10:36,WARNING,DB,Memory usage spike detected
511,2024-06-04 04:19:35,INFO,API,Scheduled job started
512,2024-06-13 19:53:16,WARNING,SCHEDULER,Health check passed
513,2024-06-17 15:46:43,ERROR,PAYMENT,Invalid token received
514,2024-10-17 05:57:58,INFO,CACHE,Memory usage spike detected
515,2024-07-22 05:34:06,INFO,API,Payment processed successfully
516,2024-01-04 18:06:57,WARNING,DB,Background task completed
517,2024-11-21 14:16:29,INFO,CACHE,Cache miss on key user_session
518,2024-04-24 22:26:13,INFO,CACHE,Password reset requested
519,2024-04-06 21:36:22,WARNING,PAYMENT,SSL certificate expiring soon
520,2024-03-20 03:30:18,ERROR,SCHEDULER,Slow query detected 3200ms
521,2024-02-04 00:15:52,ERROR,API,Cache miss on key user_session
522,2024-12-08 13:49:58,INFO,CACHE,API rate limit exceeded
523,2024-07-02 12:08:14,INFO,SCHEDULER,Service restarted
524,2024-03-01 01:52:16,WARNING,AUTH,Background task completed
525,2024-02-08 16:38:06,WARNING,DB,Service restarted
526,2024-08-15 08:27:14,INFO,DB,Disk usage above 80 percent
527,2024-10-23 00:41:12,INFO,CACHE,Retry attempt 3 of 5
528,2024-12-09 01:17:45,INFO,CACHE,API rate limit exceeded
529,2024-02-05 09:23:38,INFO,DB,New user registered
530,2024-04-23 02:37:47,INFO,SCHEDULER,Background task completed
531,2024-09-01 12:29:19,INFO,SCHEDULER,Slow query detected 3200ms
532,2024-01-11 18:05:07,INFO,API,Cache miss on key user_session
533,2024-11-01 03:12:31,INFO,AUTH,SSL certificate expiring soon
534,2024-05-17 19:54:24,INFO,AUTH,User login successful
535,2024-06-05 12:32:00,WARNING,API,Disk usage above 80 percent
536,2024-04-02 07:38:24,INFO,DB,Health check passed
537,2024-07-28 03:51:42,WARNING,AUTH,Request timeout after 5000ms
538,2024-09-18 03:42:34,WARNING,CACHE,Health check passed
539,2024-01-15 00:22:49,WARNING,DB,Disk usage above 80 percent
540,2024-07-16 00:45:23,INFO,DB,New user registered
541,2024-01-11 12:21:19,INFO,SCHEDULER,Scheduled job started
542,2024-11-12 15:46:32,INFO,AUTH,Query executed in 120ms
543,2024-08-10 12:42:56,INFO,CACHE,Memory usage spike detected
544,2024-02-22 05:25:44,INFO,API,User logout
545,2024-01-19 21:31:11,WARNING,CACHE,New user registered
546,2024-11-07 17:17:35,ERROR,SCHEDULER,Invalid token received
547,2024-06-24 23:36:27,WARNING,DB,Scheduled job started
548,2024-03-10 09:15:22,ERROR,AUTH,Memory usage spike detected
549,2024-10-05 18:00:54,INFO,PAYMENT,Background task completed
550,2024-04-27 17:20:07,INFO,PAYMENT,Background task completed
551,2024-04-16 20:11:19,INFO,SCHEDULER,Slow query detected 3200ms
552,2024-04-01 06:25:41,INFO,CACHE,SSL certificate expiring soon
553,2024-04-17 05:09:22,INFO,SCHEDULER,Password reset requested
554,2024-07-19 09:00:12,INFO,SCHEDULER,New user registered
555,2024-03-12 17:03:19,INFO,AUTH,User login successful
556,2024-01-03 14:54:06,WARNING,DB,Payment processed successfully
557,2024-04-28 21:07:26,WARNING,SCHEDULER,New user registered
558,2024-11-24 21:07:49,WARNING,AUTH,SSL certificate expiring soon
559,2024-07-19 00:10:34,ERROR,DB,Background task completed
560,2024-07-10 18:36:54,INFO,SCHEDULER,Scheduled job started
561,2024-09-03 15:32:07,WARNING,DB,Slow query detected 3200ms
562,2024-12-09 05:34:00,INFO,API,Scheduled job started
563,2024-04-15 11:11:06,INFO,AUTH,Retry attempt 3 of 5
564,2024-09-17 03:59:15,INFO,SCHEDULER,Retry attempt 3 of 5
565,2024-04-25 13:14:11,INFO,PAYMENT,Retry attempt 3 of 5
566,2024-01-20 20:30:20,WARNING,AUTH,Query executed in 120ms
567,2024-08-20 12:26:04,INFO,PAYMENT,User login successful
568,2024-04-04 13:28:26,WARNING,DB,Cache miss on key user_session
569,2024-07-14 07:32:14,INFO,CACHE,User login successful
570,2024-02-19 11:07:28,INFO,CACHE,SSL certificate expiring soon
571,2024-11-28 23:16:39,WARNING,CACHE,Request timeout after 5000ms
572,2024-05-22 13:12:18,WARNING,SCHEDULER,API rate limit exceeded
573,2024-02-27 22:09:51,WARNING,CACHE,Memory usage spike detected
574,2024-08-05 14:21:04,INFO,API,Disk usage above 80 percent
575,2024-10-04 13:57:39,WARNING,CACHE,New user registered
576,2024-12-05 18:15:06,ERROR,SCHEDULER,API rate limit exceeded
577,2024-12-08 19:54:24,INFO,API,Query executed in 120ms
578,2024-02-17 15:42:50,INFO,API,Background task completed
579,2024-11-08 15:20:40,WARNING,SCHEDULER,Password reset requested
580,2024-04-27 22:49:35,INFO,SCHEDULER,Invalid token received
581,2024-10-25 13:47:44,INFO,API,Payment processed successfully
582,2024-07-27 03:00:17,WARNING,API,Password reset requested
583,2024-08-15 23:39:51,INFO,DB,New user registered
584,2024-11-07 09:03:29,INFO,API,Health check passed
585,2024-04-18 15:26:54,ERROR,DB,API rate limit exceeded
586,2024-10-21 01:24:01,INFO,DB,Service restarted
587,2024-07-11 17:09:01,INFO,AUTH,Memory usage spike detected
588,2024-10-13 13:01:30,INFO,DB,User login successful
589,2024-12-26 12:36:20,INFO,DB,Database connection failed
590,2024-11-08 15:45:50,INFO,CACHE,Payment processed successfully
591,2024-01-24 03:37:36,WARNING,API,User login successful
592,2024-06-09 18:00:21,INFO,CACHE,New user registered
593,2024-01-09 02:43:13,INFO,PAYMENT,User login successful
594,2024-01-24 04:15:38,INFO,DB,Payment processed successfully
595,2024-01-25 05:20:55,ERROR,CACHE,SSL certificate expiring soon
596,2024-11-26 23:29:32,INFO,SCHEDULER,User login successful
597,2024-05-23 07:54:39,INFO,SCHEDULER,Invalid token received
598,2024-06-09 23:46:14,INFO,CACHE,Retry attempt 3 of 5
599,2024-05-16 23:32:06,INFO,API,Password reset requested
600,2024-05-16 07:00:14,WARNING,PAYMENT,SSL certificate expiring soon
601,2024-08-07 23:25:14,INFO,CACHE,Background task completed
602,2024-01-02 15:28:44,INFO,API,Retry attempt 3 of 5
603,2024-04-14 01:56:30,WARNING,API,Query executed in 120ms
604,2024-04-09 07:24:13,INFO,PAYMENT,Health check passed
605,2024-09-26 16:23:44,INFO,SCHEDULER,Request timeout after 5000ms
606,2024-03-16 16:54:12,WARNING,PAYMENT,API rate limit exceeded
607,2024-09-19 02:42:42,ERROR,DB,Cache miss on key user_session
608,2024-06-25 21:06:53,WARNING,SCHEDULER,Cache miss on key user_session
609,2024-02-25 05:30:42,INFO,CACHE,SSL certificate expiring soon
610,2024-09-27 00:00:24,WARNING,DB,Invalid token received
611,2024-01-02 15:13:57,INFO,API,SSL certificate expiring soon
612,2024-11-01 05:11:12,INFO,API,User login successful
613,2024-08-06 01:06:32,WARNING,AUTH,Password reset requested
614,2024-02-03 20:00:00,INFO,DB,New user registered
615,2024-12-08 11:12:35,INFO,API,Retry attempt 3 of 5
616,2024-06-23 08:39:18,INFO,SCHEDULER,Request timeout after 5000ms
617,2024-06-15 19:31:39,INFO,AUTH,API rate limit exceeded
618,2024-08-02 07:31:51,INFO,CACHE,API rate limit exceeded
619,2024-05-01 21:57:06,INFO,PAYMENT,Cache miss on key user_session
620,2024-04-04 07:09:59,INFO,PAYMENT,Invalid token received
621,2024-06-05 18:59:03,INFO,CACHE,Background task completed
622,2024-11-17 02:34:49,INFO,AUTH,SSL certificate expiring soon
623,2024-04-10 06:49:43,INFO,CACHE,Database connection failed
624,2024-11-04 03:41:11,INFO,SCHEDULER,Password reset requested
625,2024-08-18 22:22:40,INFO,API,Disk usage above 80 percent
626,2024-06-08 19:50:41,ERROR,CACHE,New user registered
627,2024-06-09 13:04:40,INFO,AUTH,Cache miss on key user_session
628,2024-08-27 13:33:37,INFO,CACHE,Request timeout after 5000ms
629,2024-09-10 18:48:09,INFO,SCHEDULER,Cache miss on key user_session
630,2024-01-12 10:00:05,WARNING,API,User logout
631,2024-09-20 08:10:13,INFO,API,Slow query detected 3200ms
632,2024-11-18 03:30:57,INFO,API,Background task completed
633,2024-03-11 21:27:05,INFO,SCHEDULER,Database connection failed
634,2024-10-20 15:25:58,ERROR,SCHEDULER,Slow query detected 3200ms
635,2024-03-21 19:48:06,INFO,API,Disk usage above 80 percent
636,2024-08-20 09:03:47,INFO,AUTH,Payment processed successfully
637,2024-03-15 09:30:17,INFO,SCHEDULER,Invalid token received
638,2024-12-02 02:37:40,INFO,PAYMENT,Payment processed successfully
639,2024-09-28 01:20:18,INFO,API,Database connection failed
640,2024-10-12 07:06:46,WARNING,PAYMENT,Health check passed
641,2024-11-24 08:29:39,INFO,API,API rate limit exceeded
642,2024-11-24 23:10:57,INFO,CACHE,User login successful
643,2024-07-04 13:57:10,WARNING,API,User login successful
644,2024-04-02 21:54:51,INFO,CACHE,Health check passed
645,2024-06-07 11:22:06,WARNING,API,API rate limit exceeded
646,2024-09-01 05:47:40,WARNING,CACHE,Database connection failed
647,2024-04-19 04:46:43,WARNING,CACHE,User logout
648,2024-07-06 18:01:10,WARNING,AUTH,Password reset requested
649,2024-02-06 08:40:41,INFO,SCHEDULER,Service restarted
650,2024-11-01 13:11:39,ERROR,AUTH,Query executed in 120ms
651,2024-04-15 23:55:06,WARNING,API,Scheduled job started
652,2024-03-23 12:08:25,INFO,DB,Disk usage above 80 percent
653,2024-02-24 03:10:46,ERROR,PAYMENT,Query executed in 120ms
654,2024-07-28 12:19:19,INFO,PAYMENT,Retry attempt 3 of 5
655,2024-04-23 13:05:22,INFO,PAYMENT,Memory usage spike detected
656,2024-08-25 06:08:08,INFO,DB,Scheduled job started
657,2024-12-13 07:15:03,WARNING,CACHE,Password reset requested
658,2024-11-05 09:31:23,INFO,SCHEDULER,Service restarted
659,2024-12-24 20:25:01,INFO,SCHEDULER,Memory usage spike detected
660,2024-06-07 08:53:04,WARNING,CACHE,Cache miss on key user_session
661,2024-04-06 05:29:59,WARNING,AUTH,Invalid token received
662,2024-06-08 15:34:13,INFO,AUTH,Invalid token received
663,2024-08-07 14:25:05,INFO,DB,User login successful
664,2024-02-12 17:22:13,INFO,PAYMENT,Invalid token received
665,2024-11-24 16:15:21,INFO,PAYMENT,Retry attempt 3 of 5
666,2024-06-11 10:22:08,WARNING,PAYMENT,Slow query detected 3200ms
667,2024-08-16 08:10:40,INFO,API,Invalid token received
668,2024-11-24 11:28:39,WARNING,API,Retry attempt 3 of 5
669,2024-02-09 04:34:00,ERROR,DB,Health check passed
670,2024-05-11 17:28:05,ERROR,PAYMENT,Request timeout after 5000ms
671,2024-02-19 03:10:00,INFO,SCHEDULER,Request timeout after 5000ms
672,2024-09-16 17:25:50,INFO,SCHEDULER,Query executed in 120ms
673,2024-04-28 22:13:31,WARNING,API,Slow query detected 3200ms
674,2024-03-07 20:11:17,INFO,CACHE,User login successful
675,2024-11-21 10:10:30,ERROR,CACHE,API rate limit exceeded
676,2024-11-07 20:07:40,ERROR,AUTH,Disk usage above 80 percent
677,2024-06-02 03:51:41,INFO,PAYMENT,User login successful
678,2024-05-27 23:31:46,INFO,API,Retry attempt 3 of 5
679,2024-10-01 05:24:21,INFO,CACHE,User login successful
680,2024-11-03 10:46:46,INFO,CACHE,Request timeout after 5000ms
681,2024-08-04 20:12:48,INFO,CACHE,Scheduled job started
682,2024-08-10 18:42:18,INFO,API,Memory usage spike detected
683,2024-12-16 20:45:37,INFO,CACHE,Service restarted
684,2024-10-01 09:51:08,INFO,AUTH,Payment processed successfully
685,2024-06-02 00:08:20,ERROR,SCHEDULER,Invalid token received
686,2024-12-14 21:18:20,WARNING,PAYMENT,User login successful
687,2024-05-18 18:41:47,WARNING,CACHE,Password reset requested
688,2024-08-28 04:53:43,WARNING,API,Query executed in 120ms
689,2024-05-01 14:26:04,WARNING,API,API rate limit exceeded
690,2024-02-12 17:28:47,ERROR,AUTH,Database connection failed
691,2024-09-21 09:38:38,INFO,DB,API rate limit exceeded
692,2024-11-24 13:41:21,ERROR,DB,Invalid token received
693,2024-08-26 11:19:59,ERROR,DB,Request timeout after 5000ms
694,2024-03-26 23:27:15,INFO,SCHEDULER,Retry attempt 3 of 5
695,2024-02-17 20:37:47,INFO,DB,SSL certificate expiring soon
696,2024-06-21 14:31:33,INFO,PAYMENT,Password reset requested
697,2024-12-03 04:33:25,WARNING,API,Health check passed
698,2024-05-18 10:53:21,INFO,AUTH,Slow query detected 3200ms
699,2024-05-06 05:57:01,INFO,AUTH,User login successful
700,2024-08-22 11:18:25,INFO,PAYMENT,Database connection failed
701,2024-06-23 03:38:44,INFO,SCHEDULER,Memory usage spike detected
702,2024-01-26 12:10:55,WARNING,AUTH,API rate limit exceeded
703,2024-11-19 00:14:42,WARNING,AUTH,User logout
704,2024-08-17 05:02:50,INFO,AUTH,Payment processed successfully
705,2024-04-05 01:03:31,WARNING,PAYMENT,Query executed in 120ms
706,2024-01-05 21:42:05,WARNING,CACHE,SSL certificate expiring soon
707,2024-12-07 19:22:05,ERROR,API,Disk usage above 80 percent
708,2024-12-25 10:48:53,INFO,API,Memory usage spike detected
709,2024-08-08 16:15:44,INFO,AUTH,Scheduled job started
710,2024-11-13 15:12:10,WARNING,DB,SSL certificate expiring soon
711,2024-10-10 10:34:27,ERROR,DB,Disk usage above 80 percent
712,2024-03-17 08:53:03,INFO,API,Payment processed successfully
713,2024-06-26 09:50:45,WARNING,API,Query executed in 120ms
714,2024-08-04 16:30:42,WARNING,AUTH,Slow query detected 3200ms
715,2024-04-17 00:18:43,INFO,API,Service restarted
716,2024-08-05 06:51:59,INFO,SCHEDULER,Request timeout after 5000ms
717,2024-06-26 22:49:27,INFO,PAYMENT,Slow query detected 3200ms
718,2024-05-11 08:24:18,ERROR,DB,Scheduled job started
719,2024-05-01 21:37:30,ERROR,DB,Retry attempt 3 of 5
720,2024-08-06 20:51:36,INFO,SCHEDULER,Health check passed
721,2024-06-08 23:22:48,INFO,DB,Retry attempt 3 of 5
722,2024-06-12 12:57:32,INFO,CACHE,Cache miss on key user_session
723,2024-01-06 00:33:04,ERROR,CACHE,User login successful
724,2024-07-07 09:49:33,WARNING,API,Retry attempt 3 of 5
725,2024-10-28 13:49:28,INFO,SCHEDULER,Background task completed
726,2024-02-24 08:04:35,INFO,SCHEDULER,Disk usage above 80 percent
727,2024-02-16 17:19:44,INFO,AUTH,Database connection failed
728,2024-04-19 02:03:04,WARNING,CACHE,Payment processed successfully
729,2024-10-21 21:13:50,WARNING,SCHEDULER,Payment processed successfully
730,2024-02-25 22:49:54,WARNING,SCHEDULER,Scheduled job started
731,2024-10-19 14:54:25,INFO,CACHE,Invalid token received
732,2024-03-01 17:06:10,INFO,API,Invalid token received
733,2024-06-14 18:08:34,WARNING,SCHEDULER,Disk usage above 80 percent
734,2024-12-28 13:19:58,INFO,CACHE,Invalid token received
735,2024-04-27 18:48:59,INFO,AUTH,Health check passed
736,2024-01-28 18:37:31,WARNING,CACHE,Payment processed successfully
737,2024-04-22 12:08:27,INFO,API,New user registered
738,2024-03-17 21:37:33,ERROR,PAYMENT,New user registered
739,2024-07-21 22:58:09,INFO,API,Query executed in 120ms
740,2024-02-16 04:51:24,INFO,CACHE,New user registered
741,2024-05-03 21:25:22,ERROR,PAYMENT,Slow query detected 3200ms
742,2024-10-08 09:52:18,WARNING,SCHEDULER,Invalid token received
743,2024-12-28 04:14:46,INFO,API,Disk usage above 80 percent
744,2024-04-27 14:12:50,INFO,AUTH,Slow query detected 3200ms
745,2024-04-26 14:19:28,WARNING,CACHE,New user registered
746,2024-02-23 05:14:19,ERROR,PAYMENT,Service restarted
747,2024-05-01 03:07:51,ERROR,CACHE,Background task completed
748,2024-06-28 10:38:09,ERROR,API,Service restarted
749,2024-12-28 17:48:12,INFO,AUTH,Password reset requested
750,2024-06-23 16:41:56,WARNING,PAYMENT,Service restarted
751,2024-08-07 23:51:39,INFO,API,Password reset requested
752,2024-06-15 21:43:38,INFO,SCHEDULER,Cache miss on key user_session
753,2024-08-27 17:11:37,INFO,CACHE,Database connection failed
754,2024-06-03 18:57:09,WARNING,AUTH,Invalid token received
755,2024-07-17 11:50:17,ERROR,SCHEDULER,Retry attempt 3 of 5
756,2024-07-07 16:12:42,INFO,DB,New user registered
757,2024-02-06 06:45:16,ERROR,DB,Request timeout after 5000ms
758,2024-03-06 05:54:40,WARNING,SCHEDULER,Slow query detected 3200ms
759,2024-12-08 18:24:52,WARNING,API,Request timeout after 5000ms
760,2024-08-21 05:11:27,WARNING,CACHE,Invalid token received
761,2024-02-09 01:00:17,INFO,CACHE,API rate limit exceeded
762,2024-10-12 03:45:49,INFO,AUTH,Service restarted
763,2024-07-16 10:41:02,ERROR,PAYMENT,Slow query detected 3200ms
764,2024-07-09 15:05:53,INFO,CACHE,Service restarted
765,2024-08-01 01:05:41,INFO,API,Background task completed
766,2024-10-13 10:57:51,WARNING,PAYMENT,Password reset requested
767,2024-07-20 22:23:48,INFO,AUTH,Password reset requested
768,2024-03-09 07:46:04,INFO,API,Scheduled job started
769,2024-09-26 15:11:07,ERROR,SCHEDULER,SSL certificate expiring soon
770,2024-02-08 03:54:54,WARNING,CACHE,New user registered
771,2024-03-09 03:31:18,INFO,PAYMENT,Retry attempt 3 of 5
772,2024-06-01 18:50:32,INFO,DB,Database connection failed
773,2024-12-08 05:59:23,ERROR,DB,Background task completed
774,2024-08-09 11:03:12,INFO,SCHEDULER,Retry attempt 3 of 5
775,2024-12-01 12:43:54,INFO,AUTH,Query executed in 120ms
776,2024-12-16 20:41:49,INFO,PAYMENT,Request timeout after 5000ms
777,2024-04-15 01:19:42,WARNING,AUTH,Invalid token received
778,2024-04-10 21:42:23,INFO,AUTH,Health check passed
779,2024-01-13 00:13:39,INFO,DB,API rate limit exceeded
780,2024-05-28 07:04:41,WARNING,API,Background task completed
781,2024-10-09 08:34:43,WARNING,SCHEDULER,Slow query detected 3200ms
782,2024-04-24 05:39:28,WARNING,PAYMENT,Slow query detected 3200ms
783,2024-03-21 15:06:58,INFO,AUTH,Invalid token received
784,2024-07-01 13:02:44,INFO,AUTH,Slow query detected 3200ms
785,2024-10-27 21:45:39,INFO,DB,Slow query detected 3200ms
786,2024-03-21 11:48:34,ERROR,API,Database connection failed
787,2024-10-03 05:27:34,WARNING,DB,User logout
788,2024-07-12 03:07:00,WARNING,PAYMENT,User logout
789,2024-02-22 01:06:39,INFO,DB,Service restarted
790,2024-08-18 20:43:04,INFO,AUTH,Service restarted
791,2024-04-16 10:32:22,INFO,DB,SSL certificate expiring soon
792,2024-09-03 01:10:37,INFO,CACHE,User login successful
793,2024-09-13 01:15:17,INFO,CACHE,Slow query detected 3200ms
794,2024-06-23 10:39:24,INFO,PAYMENT,Cache miss on key user_session
795,2024-04-18 13:37:11,WARNING,AUTH,Disk usage above 80 percent
796,2024-06-12 03:05:10,INFO,DB,Database connection failed
797,2024-02-25 14:00:13,WARNING,API,Health check passed
798,2024-05-04 01:25:31,INFO,API,Payment processed successfully
799,2024-01-22 05:00:43,INFO,AUTH,New user registered
800,2024-08-05 15:51:25,INFO,CACHE,API rate limit exceeded
801,2024-09-15 13:17:43,ERROR,DB,SSL certificate expiring soon
802,2024-02-15 00:44:32,WARNING,CACHE,Payment processed successfully
803,2024-03-04 00:18:57,INFO,API,Request timeout after 5000ms
804,2024-01-09 11:35:05,ERROR,CACHE,Query executed in 120ms
805,2024-09-03 10:39:13,WARNING,SCHEDULER,Memory usage spike detected
806,2024-10-05 05:11:51,WARNING,AUTH,Payment processed successfully
807,2024-06-05 04:23:58,WARNING,DB,SSL certificate expiring soon
808,2024-12-06 07:59:29,INFO,API,Database connection failed
809,2024-11-26 20:23:53,INFO,DB,New user registered
810,2024-10-04 16:55:35,INFO,DB,Memory usage spike detected
811,2024-06-07 07:39:01,INFO,CACHE,New user registered
812,2024-05-10 06:35:05,INFO,AUTH,Password reset requested
813,2024-05-25 17:19:01,WARNING,API,User login successful
814,2024-01-12 18:31:12,WARNING,CACHE,SSL certificate expiring soon
815,2024-10-19 16:38:29,WARNING,DB,Retry attempt 3 of 5
816,2024-02-03 10:27:10,WARNING,AUTH,Retry attempt 3 of 5
817,2024-07-22 11:20:07,INFO,AUTH,Cache miss on key user_session
818,2024-03-25 06:42:30,WARNING,API,Retry attempt 3 of 5
819,2024-01-17 22:22:24,ERROR,AUTH,Request timeout after 5000ms
820,2024-03-07 10:50:26,WARNING,API,Slow query detected 3200ms
821,2024-12-25 17:52:44,INFO,CACHE,User login successful
822,2024-12-01 13:09:46,ERROR,AUTH,Memory usage spike detected
823,2024-10-16 15:22:02,ERROR,PAYMENT,Scheduled job started
824,2024-01-15 17:45:12,WARNING,AUTH,Health check passed
825,2024-12-09 13:26:07,WARNING,API,Retry attempt 3 of 5
826,2024-07-15 19:07:29,WARNING,SCHEDULER,User login successful
827,2024-07-01 13:38:26,ERROR,PAYMENT,Disk usage above 80 percent
828,2024-09-18 17:34:28,INFO,AUTH,Query executed in 120ms
829,2024-08-23 09:40:10,WARNING,CACHE,Memory usage spike detected
830,2024-09-03 04:45:49,WARNING,CACHE,Slow query detected 3200ms
831,2024-09-07 14:59:49,ERROR,API,Health check passed
832,2024-01-08 04:52:10,WARNING,SCHEDULER,Database connection failed
833,2024-06-08 07:42:57,INFO,DB,Retry attempt 3 of 5
834,2024-10-27 16:41:34,INFO,SCHEDULER,Memory usage spike detected
835,2024-11-20 01:26:51,INFO,SCHEDULER,Cache miss on key user_session
836,2024-04-06 10:25:14,ERROR,SCHEDULER,User login successful
837,2024-11-09 08:34:00,INFO,AUTH,SSL certificate expiring soon
838,2024-07-20 10:37:13,ERROR,API,Background task completed
839,2024-09-13 19:11:37,INFO,DB,Retry attempt 3 of 5
840,2024-04-06 10:08:46,WARNING,SCHEDULER,User login successful
841,2024-02-18 21:43:34,INFO,PAYMENT,API rate limit exceeded
842,2024-08-02 09:52:52,INFO,CACHE,Background task completed
843,2024-01-21 05:59:31,ERROR,SCHEDULER,Query executed in 120ms
844,2024-04-17 03:27:20,WARNING,SCHEDULER,SSL certificate expiring soon
845,2024-11-28 15:16:09,ERROR,PAYMENT,New user registered
846,2024-11-14 02:40:38,WARNING,AUTH,Invalid token received
847,2024-08-12 08:05:19,INFO,AUTH,Background task completed
848,2024-12-23 23:28:43,ERROR,API,Slow query detected 3200ms
849,2024-08-08 15:53:48,ERROR,PAYMENT,Disk usage above 80 percent
850,2024-11-13 19:41:45,WARNING,DB,Query executed in 120ms
851,2024-02-18 09:05:52,WARNING,SCHEDULER,Slow query detected 3200ms
852,2024-09-28 01:39:14,INFO,DB,Request timeout after 5000ms
853,2024-05-09 07:02:14,WARNING,AUTH,Memory usage spike detected
854,2024-10-19 23:07:13,INFO,API,Scheduled job started
855,2024-11-24 04:18:18,INFO,API,API rate limit exceeded
856,2024-11-16 13:58:53,INFO,API,New user registered
857,2024-11-23 06:50:17,WARNING,API,Memory usage spike detected
858,2024-01-07 05:27:04,INFO,API,Scheduled job started
859,2024-07-16 20:45:22,ERROR,AUTH,Service restarted
860,2024-12-11 04:27:15,INFO,CACHE,Query executed in 120ms
861,2024-06-01 06:08:33,INFO,API,New user registered
862,2024-04-28 05:14:44,INFO,SCHEDULER,Memory usage spike detected
863,2024-03-21 07:36:19,WARNING,PAYMENT,User login successful
864,2024-08-16 05:52:04,ERROR,DB,Memory usage spike detected
865,2024-11-18 19:18:37,ERROR,API,API rate limit exceeded
866,2024-10-23 21:13:34,INFO,AUTH,Service restarted
867,2024-01-18 11:38:32,INFO,PAYMENT,Scheduled job started
868,2024-05-04 16:06:20,INFO,DB,Invalid token received
869,2024-05-04 05:15:05,INFO,AUTH,New user registered
870,2024-03-26 04:51:17,INFO,DB,Database connection failed
871,2024-04-15 07:39:17,WARNING,API,Cache miss on key user_session
872,2024-01-19 00:07:19,INFO,DB,Database connection failed
873,2024-01-16 20:28:13,INFO,DB,Database connection failed
874,2024-02-08 01:30:05,WARNING,API,Slow query detected 3200ms
875,2024-07-25 16:20:41,INFO,PAYMENT,Background task completed
876,2024-03-13 17:08:55,WARNING,PAYMENT,Query executed in 120ms
877,2024-07-08 08:35:10,WARNING,SCHEDULER,New user registered
878,2024-06-09 01:38:22,ERROR,API,User logout
879,2024-02-26 21:10:49,WARNING,SCHEDULER,Slow query detected 3200ms
880,2024-01-12 09:39:51,ERROR,SCHEDULER,Disk usage above 80 percent
881,2024-09-11 00:36:55,INFO,PAYMENT,Health check passed
882,2024-06-08 10:22:53,WARNING,PAYMENT,Service restarted
883,2024-07-09 23:29:50,WARNING,SCHEDULER,Request timeout after 5000ms
884,2024-09-09 06:04:23,INFO,CACHE,Service restarted
885,2024-11-27 13:07:18,WARNING,API,Password reset requested
886,2024-10-07 09:50:50,INFO,API,Memory usage spike detected
887,2024-06-08 05:47:36,INFO,DB,New user registered
888,2024-07-08 22:06:21,WARNING,PAYMENT,API rate limit exceeded
889,2024-03-13 10:06:15,WARNING,AUTH,Health check passed
890,2024-02-08 13:35:35,WARNING,AUTH,Invalid token received
891,2024-08-13 02:42:07,INFO,CACHE,Cache miss on key user_session
892,2024-07-18 17:49:08,WARNING,CACHE,User logout
893,2024-07-06 06:40:19,INFO,AUTH,User logout
894,2024-03-28 01:41:24,WARNING,CACHE,Database connection failed
895,2024-11-17 13:16:31,INFO,DB,Health check passed
896,2024-11-23 05:18:21,WARNING,PAYMENT,SSL certificate expiring soon
897,2024-04-26 22:57:55,INFO,API,Slow query detected 3200ms
898,2024-07-18 00:20:37,INFO,CACHE,New user registered
899,2024-08-28 21:06:04,INFO,API,Service restarted
900,2024-09-27 15:22:53,WARNING,API,Cache miss on key user_session
901,2024-12-28 05:24:39,INFO,DB,New user registered
902,2024-04-05 04:41:22,INFO,SCHEDULER,Invalid token received
903,2024-09-23 02:18:54,INFO,DB,Health check passed
904,2024-02-21 00:03:16,WARNING,PAYMENT,Service restarted
905,2024-12-12 21:41:00,WARNING,DB,Cache miss on key user_session
906,2024-09-27 01:10:39,WARNING,API,Invalid token received
907,2024-11-09 00:00:05,ERROR,AUTH,Cache miss on key user_session
908,2024-02-28 19:40:38,ERROR,SCHEDULER,User login successful
909,2024-09-16 08:46:36,INFO,CACHE,User logout
910,2024-03-07 04:25:33,WARNING,AUTH,Health check passed
911,2024-12-05 02:17:10,WARNING,CACHE,Cache miss on key user_session
912,2024-01-15 01:29:56,WARNING,DB,Service restarted
913,2024-08-13 06:07:07,WARNING,DB,Background task completed
914,2024-03-19 20:37:53,ERROR,CACHE,User login successful
915,2024-08-16 08:53:30,INFO,AUTH,Request timeout after 5000ms
916,2024-10-24 09:37:18,WARNING,SCHEDULER,Memory usage spike detected
917,2024-06-28 19:55:46,INFO,API,New user registered
918,2024-12-06 16:34:04,INFO,SCHEDULER,Memory usage spike detected
919,2024-06-08 22:40:04,WARNING,CACHE,Cache miss on key user_session
920,2024-08-02 10:48:32,WARNING,SCHEDULER,Health check passed
921,2024-01-28 03:12:25,INFO,AUTH,Service restarted
922,2024-01-19 18:43:26,INFO,SCHEDULER,Memory usage spike detected
923,2024-11-12 21:57:19,ERROR,AUTH,New user registered
924,2024-03-05 17:34:04,WARNING,API,Cache miss on key user_session
925,2024-05-08 00:03:12,INFO,PAYMENT,Cache miss on key user_session
926,2024-02-24 12:07:15,INFO,API,Invalid token received
927,2024-08-12 13:15:46,WARNING,DB,Query executed in 120ms
928,2024-03-18 13:59:11,INFO,SCHEDULER,Scheduled job started
929,2024-07-28 21:17:27,INFO,AUTH,Query executed in 120ms
930,2024-06-14 12:57:31,INFO,AUTH,Slow query detected 3200ms
931,2024-04-12 09:47:07,INFO,PAYMENT,Background task completed
932,2024-01-06 14:02:49,WARNING,API,User login successful
933,2024-07-22 03:05:51,INFO,SCHEDULER,Retry attempt 3 of 5
934,2024-06-05 20:51:31,INFO,SCHEDULER,Slow query detected 3200ms
935,2024-01-07 03:17:43,INFO,PAYMENT,Password reset requested
936,2024-10-18 23:06:15,INFO,API,Invalid token received
937,2024-04-13 19:33:34,WARNING,PAYMENT,Payment processed successfully
938,2024-03-22 16:57:22,WARNING,SCHEDULER,SSL certificate expiring soon
939,2024-11-03 21:34:37,ERROR,CACHE,Disk usage above 80 percent
940,2024-06-20 16:32:11,INFO,PAYMENT,Retry attempt 3 of 5
941,2024-03-18 17:20:45,INFO,API,User logout
942,2024-05-02 04:09:51,INFO,DB,Database connection failed
943,2024-09-28 18:09:37,INFO,PAYMENT,Memory usage spike detected
944,2024-02-13 14:12:41,INFO,CACHE,Health check passed
945,2024-04-28 14:26:44,INFO,SCHEDULER,User login successful
946,2024-06-21 16:00:33,INFO,API,Slow query detected 3200ms
947,2024-11-09 07:00:32,WARNING,DB,Memory usage spike detected
948,2024-09-26 14:30:53,WARNING,API,Health check passed
949,2024-10-05 23:40:51,INFO,AUTH,Retry attempt 3 of 5
950,2024-06-21 23:06:01,INFO,DB,Scheduled job started
951,2024-09-28 08:52:54,INFO,API,Slow query detected 3200ms
952,2024-04-14 13:59:51,WARNING,API,Cache miss on key user_session
953,2024-07-02 01:06:40,ERROR,PAYMENT,Memory usage spike detected
954,2024-10-12 13:59:00,INFO,DB,Background task completed
955,2024-01-12 15:12:09,WARNING,AUTH,Scheduled job started
956,2024-04-22 02:58:36,WARNING,SCHEDULER,Query executed in 120ms
957,2024-01-20 16:12:27,ERROR,PAYMENT,Query executed in 120ms
958,2024-06-02 08:18:46,WARNING,PAYMENT,Payment processed successfully
959,2024-11-01 23:55:19,INFO,AUTH,Health check passed
960,2024-08-27 13:45:45,WARNING,API,Slow query detected 3200ms
961,2024-09-13 16:27:27,INFO,PAYMENT,SSL certificate expiring soon
962,2024-12-03 07:48:20,INFO,API,Disk usage above 80 percent
963,2024-07-15 17:41:27,INFO,DB,Slow query detected 3200ms
964,2024-07-11 15:31:03,WARNING,DB,Request timeout after 5000ms
965,2024-04-11 02:00:55,WARNING,PAYMENT,API rate limit exceeded
966,2024-04-05 15:07:15,INFO,CACHE,Health check passed
967,2024-10-10 09:26:30,INFO,AUTH,Service restarted
968,2024-11-02 06:11:01,INFO,SCHEDULER,Service restarted
969,2024-10-01 16:16:40,INFO,DB,Disk usage above 80 percent
970,2024-10-18 05:16:34,WARNING,CACHE,Password reset requested
971,2024-10-22 05:51:15,ERROR,SCHEDULER,Disk usage above 80 percent
972,2024-05-24 21:14:42,ERROR,DB,SSL certificate expiring soon
973,2024-05-21 05:11:28,WARNING,CACHE,Payment processed successfully
974,2024-12-21 17:47:59,INFO,AUTH,Memory usage spike detected
975,2024-01-11 04:15:56,INFO,PAYMENT,Service restarted
976,2024-01-11 00:21:00,WARNING,API,Slow query detected 3200ms
977,2024-10-26 11:50:30,WARNING,AUTH,Disk usage above 80 percent
978,2024-02-23 13:47:01,INFO,SCHEDULER,Query executed in 120ms
979,2024-11-21 19:38:21,WARNING,AUTH,Password reset requested
980,2024-08-03 22:36:11,INFO,PAYMENT,Payment processed successfully
981,2024-02-13 10:57:12,INFO,DB,Password reset requested
982,2024-09-23 12:40:12,INFO,PAYMENT,Password reset requested
983,2024-05-06 07:07:51,WARNING,API,Service restarted
984,2024-07-28 21:52:30,WARNING,AUTH,Cache miss on key user_session
985,2024-04-14 18:27:32,INFO,PAYMENT,Retry attempt 3 of 5
986,2024-07-04 23:56:16,INFO,PAYMENT,Invalid token received
987,2024-09-19 12:35:49,WARNING,API,Background task completed
988,2024-11-15 12:11:45,WARNING,AUTH,Invalid token received
989,2024-05-03 11:18:51,INFO,PAYMENT,User login successful
990,2024-12-10 00:47:33,INFO,PAYMENT,API rate limit exceeded
991,2024-04-11 18:05:48,WARNING,DB,Invalid token received
992,2024-02-03 12:19:07,WARNING,SCHEDULER,Query executed in 120ms
993,2024-07-20 21:12:01,INFO,PAYMENT,Payment processed successfully
994,2024-12-22 14:11:15,INFO,PAYMENT,Service restarted
995,2024-02-12 11:48:02,INFO,AUTH,New user registered
996,2024-11-02 16:44:52,WARNING,CACHE,Disk usage above 80 percent
997,2024-05-20 01:18:51,WARNING,API,Payment processed successfully
998,2024-06-09 16:29:12,INFO,CACHE,Scheduled job started
999,2024-10-14 22:39:47,WARNING,AUTH,New user registered
1000,2024-03-26 05:48:47,INFO,API,Query executed in 120ms
